term,coef,HR,lower95,upper95,pvalue
expr,-0.11595974683994578,0.890511068460596,0.7064087293467092,1.122593662997642,0.3264313050235466
age_at_diagnosis,8.485721505836968e-5,1.0000848608155337,1.0000513933245143,1.0001183294265683,6.700465761524443e-7
